union-find,151
traffic,33
sql-15,153
sql-14,13
sql-13,7
sql-12,22
sql-11,58
sql-10,688
sql-09,40
sql-08,91
sql-07,39
sql-06,8
sql-05,9
sql-04,5
sql-03,57
sql-02,12
sql-01,26
small,38
ship,64
sgen,166
scc,166
scalebenchmarks/900,900
scalebenchmarks/800,800
scalebenchmarks/700,700
scalebenchmarks/600,600
scalebenchmarks/500,500
scalebenchmarks/400,400
scalebenchmarks/300,300
scalebenchmarks/200,200
scalebenchmarks/1000,1000
scalebenchmarks/100,100
rvcheck,67
rsg,67
polysite,325
path,5
nearlyscc,166
modref,30
inflamation,67
escape,29
downcast,359
cliquer,93
clique,34
buildwall,178
animals,76
andersen,64
ancestor,38
abduce,38
2-call-site,103
1-type,39
1-object-1-type,12
1-object,41
1-call-site,96
